Workbook

Sheet Summary
A1: Service Desk Ticket Triage — Portfolio Summary
A2: Illustrative sample data only. This is not a live ServiceNow instance.
A3: Metric | B3: Formula / Value
A4: Total sample tickets | B4: =COUNTA('Ticket Tracker'!A2:A13) -> 12
A5: Open / in progress | B5: =COUNTIF('Ticket Tracker'!K2:K13,"<>Resolved") -> 10
A6: P1 - Critical | B6: =COUNTIF('Ticket Tracker'!I2:I13,"P1 - Critical") -> 5
A7: SLA breached | B7: =COUNTIF('Ticket Tracker'!N2:N13,"Breached") -> 0
A8: SLA at risk | B8: =COUNTIF('Ticket Tracker'!N2:N13,"At Risk") -> 1
A9: Resolved | B9: =COUNTIF('Ticket Tracker'!K2:K13,"Resolved") -> 2
A12: How to use
A13: 1. Review Ticket Tracker; change fictional values to test the formulas.
A14: 2. Review Triage Rules to explain the logic and limits.
A15: 3. Confirm formulas recalculate in Excel or Google Sheets after import.
A16: 4. No real tickets, notifications, approvals, or ServiceNow records are created.

Sheet Ticket Tracker
A1: Ticket ID | B1: Date Opened | C1: Requester | D1: Department | E1: Issue Type | F1: Short Description | G1: Impact | H1: Urgency | I1: Priority | J1: Assigned Team | K1: Status | L1: SLA Target (Hours) | M1: Hours Open | N1: SLA Status | O1: Troubleshooting / Resolution Notes | P1: Next Action
A2: INC1001 | B2: 2026-10-26 | C2: A. Patel | D2: Finance | E2: Access | F2: Cannot access finance shared folder | G2: High | H2: High | I2: =IF(AND(G2="High",H2="High"),"P1 - Critical",IF(OR(AND(G2="High",H2="Medium"),AND(G2="Medium",H2="High")),"P2 - High",IF(OR(G2="Medium",H2="Medium"),"P3 - Normal","P4 - Low"))) -> P1 - Critical | J2: IT Support | K2: In Progress | L2: 4 | M2: 2 | N2: =IF(K2="Resolved","Resolved",IF(M2>=L2,"Breached",IF(M2>=L2*0.8,"At Risk","Within SLA"))) -> Within SLA | O2: Checking approved group membership. | P2: Verify authorization and update requester.
A3: INC1002 | B3: 2026-10-26 | C3: M. Chen | D3: Sales | E3: Hardware | F3: Laptop will not power on | G3: High | H3: High | I3: =IF(AND(G3="High",H3="High"),"P1 - Critical",IF(OR(AND(G3="High",H3="Medium"),AND(G3="Medium",H3="High")),"P2 - High",IF(OR(G3="Medium",H3="Medium"),"P3 - Normal","P4 - Low"))) -> P1 - Critical | J3: Desktop Support | K3: New | L3: 4 | M3: 1 | N3: =IF(K3="Resolved","Resolved",IF(M3>=L3,"Breached",IF(M3>=L3*0.8,"At Risk","Within SLA"))) -> Within SLA | O3: No diagnosis recorded yet. | P3: Confirm power adapter and indicator lights.
A4: INC1003 | B4: 2026-10-26 | C4: J. Singh | D4: HR | E4: Password Reset | F4: Locked out after multiple attempts | G4: Medium | H4: High | I4: =IF(AND(G4="High",H4="High"),"P1 - Critical",IF(OR(AND(G4="High",H4="Medium"),AND(G4="Medium",H4="High")),"P2 - High",IF(OR(G4="Medium",H4="Medium"),"P3 - Normal","P4 - Low"))) -> P2 - High | J4: IT Support | K4: Resolved | L4: 8 | M4: 3 | N4: =IF(K4="Resolved","Resolved",IF(M4>=L4,"Breached",IF(M4>=L4*0.8,"At Risk","Within SLA"))) -> Resolved | O4: Identity verified; approved password reset completed. | P4: Confirm requester can sign in.
A5: INC1004 | B5: 2026-10-25 | C5: R. Wilson | D5: Operations | E5: Software | F5: Approved application fails to launch | G5: Medium | H5: Medium | I5: =IF(AND(G5="High",H5="High"),"P1 - Critical",IF(OR(AND(G5="High",H5="Medium"),AND(G5="Medium",H5="High")),"P2 - High",IF(OR(G5="Medium",H5="Medium"),"P3 - Normal","P4 - Low"))) -> P3 - Normal | J5: Application Support | K5: In Progress | L5: 24 | M5: 12 | N5: =IF(K5="Resolved","Resolved",IF(M5>=L5,"Breached",IF(M5>=L5*0.8,"At Risk","Within SLA"))) -> Within SLA | O5: Collecting error details and checking recent changes. | P5: Reproduce issue and record exact error.
A6: INC1005 | B6: 2026-10-25 | C6: L. Brown | D6: Finance | E6: Email | F6: Cannot send external email | G6: High | H6: Medium | I6: =IF(AND(G6="High",H6="High"),"P1 - Critical",IF(OR(AND(G6="High",H6="Medium"),AND(G6="Medium",H6="High")),"P2 - High",IF(OR(G6="Medium",H6="Medium"),"P3 - Normal","P4 - Low"))) -> P2 - High | J6: Messaging Support | K6: New | L6: 8 | M6: 7 | N6: =IF(K6="Resolved","Resolved",IF(M6>=L6,"Breached",IF(M6>=L6*0.8,"At Risk","Within SLA"))) -> At Risk | O6: Customer reports external messages remain in Outbox. | P6: Check scope and message details; escalate if widespread.
A7: INC1006 | B7: 2026-10-25 | C7: S. Ahmed | D7: Marketing | E7: Access | F7: Request for access to marketing drive | G7: Low | H7: Low | I7: =IF(AND(G7="High",H7="High"),"P1 - Critical",IF(OR(AND(G7="High",H7="Medium"),AND(G7="Medium",H7="High")),"P2 - High",IF(OR(G7="Medium",H7="Medium"),"P3 - Normal","P4 - Low"))) -> P4 - Low | J7: IT Support | K7: New | L7: 48 | M7: 5 | N7: =IF(K7="Resolved","Resolved",IF(M7>=L7,"Breached",IF(M7>=L7*0.8,"At Risk","Within SLA"))) -> Within SLA | O7: Approval not yet confirmed. | P7: Verify manager approval before granting access.
A8: INC1007 | B8: 2026-10-24 | C8: T. Garcia | D8: Operations | E8: Network | F8: Entire floor has no network connectivity | G8: High | H8: High | I8: =IF(AND(G8="High",H8="High"),"P1 - Critical",IF(OR(AND(G8="High",H8="Medium"),AND(G8="Medium",H8="High")),"P2 - High",IF(OR(G8="Medium",H8="Medium"),"P3 - Normal","P4 - Low"))) -> P1 - Critical | J8: Network Support | K8: In Progress | L8: 4 | M8: 3 | N8: =IF(K8="Resolved","Resolved",IF(M8>=L8,"Breached",IF(M8>=L8*0.8,"At Risk","Within SLA"))) -> Within SLA | O8: Multiple users affected; incident lead notified. | P8: Update impact and follow major-incident process.
A9: INC1008 | B9: 2026-10-24 | C9: P. Kumar | D9: HR | E9: Software | F9: Video meeting application crashes | G9: Medium | H9: Medium | I9: =IF(AND(G9="High",H9="High"),"P1 - Critical",IF(OR(AND(G9="High",H9="Medium"),AND(G9="Medium",H9="High")),"P2 - High",IF(OR(G9="Medium",H9="Medium"),"P3 - Normal","P4 - Low"))) -> P3 - Normal | J9: Application Support | K9: Resolved | L9: 24 | M9: 9 | N9: =IF(K9="Resolved","Resolved",IF(M9>=L9,"Breached",IF(M9>=L9*0.8,"At Risk","Within SLA"))) -> Resolved | O9: Application cache cleared and tested with requester. | P9: Record resolution and close after confirmation.
A10: INC1009 | B10: 2026-10-27 | C10: N. Davis | D10: Sales | E10: Security | F10: Suspicious email reported by employee | G10: High | H10: High | I10: =IF(AND(G10="High",H10="High"),"P1 - Critical",IF(OR(AND(G10="High",H10="Medium"),AND(G10="Medium",H10="High")),"P2 - High",IF(OR(G10="Medium",H10="Medium"),"P3 - Normal","P4 - Low"))) -> P1 - Critical | J10: Security Operations | K10: In Progress | L10: 4 | M10: 1 | N10: =IF(K10="Resolved","Resolved",IF(M10>=L10,"Breached",IF(M10>=L10*0.8,"At Risk","Within SLA"))) -> Within SLA | O10: Reported message preserved; no links opened. | P10: Follow security incident process; do not investigate outside authorization.
A11: INC1010 | B11: 2026-10-27 | C11: K. Moore | D11: Finance | E11: Hardware | F11: Keyboard keys intermittently fail | G11: Low | H11: Low | I11: =IF(AND(G11="High",H11="High"),"P1 - Critical",IF(OR(AND(G11="High",H11="Medium"),AND(G11="Medium",H11="High")),"P2 - High",IF(OR(G11="Medium",H11="Medium"),"P3 - Normal","P4 - Low"))) -> P4 - Low | J11: Desktop Support | K11: New | L11: 48 | M11: 0 | N11: =IF(K11="Resolved","Resolved",IF(M11>=L11,"Breached",IF(M11>=L11*0.8,"At Risk","Within SLA"))) -> Within SLA | O11: No troubleshooting performed yet. | P11: Run basic checks and arrange replacement if needed.
A12: INC1011 | B12: 2026-10-27 | C12: D. Martin | D12: Facilities | E12: CMMS / Work Order | F12: Technician cannot see assigned work order | G12: High | H12: High | I12: =IF(AND(G12="High",H12="High"),"P1 - Critical",IF(OR(AND(G12="High",H12="Medium"),AND(G12="Medium",H12="High")),"P2 - High",IF(OR(G12="Medium",H12="Medium"),"P3 - Normal","P4 - Low"))) -> P1 - Critical | J12: Application Support | K12: New | L12: 4 | M12: 1 | N12: =IF(K12="Resolved","Resolved",IF(M12>=L12,"Breached",IF(M12>=L12*0.8,"At Risk","Within SLA"))) -> Within SLA | O12: Manager can see order; technician cannot. | P12: Check assignment, account role, filters, and scope; escalate if unresolved.
A13: INC1012 | B13: 2026-10-27 | C13: R. Chen | D13: Facilities | E13: CMMS / Asset | F13: Asset record appears duplicated | G13: Medium | H13: Medium | I13: =IF(AND(G13="High",H13="High"),"P1 - Critical",IF(OR(AND(G13="High",H13="Medium"),AND(G13="Medium",H13="High")),"P2 - High",IF(OR(G13="Medium",H13="Medium"),"P3 - Normal","P4 - Low"))) -> P3 - Normal | J13: Application Support | K13: New | L13: 24 | M13: 2 | N13: =IF(K13="Resolved","Resolved",IF(M13>=L13,"Breached",IF(M13>=L13*0.8,"At Risk","Within SLA"))) -> Within SLA | O13: User supplied two asset IDs for comparison. | P13: Verify record identifiers; do not delete records without approval.

Sheet Triage Rules
A1: Rule Area | B1: Condition / Logic | C1: Action / Expected Result | D1: Notes
A2: Priority | B2: Impact=High AND Urgency=High | C2: P1 - Critical | D2: Illustrative portfolio rule only; actual organization policy takes precedence.
A3: Priority | B3: Impact=High AND Urgency=Medium OR Impact=Medium AND Urgency=High | C3: P2 - High | D3: Apply only after validating impact and urgency.
A4: Priority | B4: At least one of Impact/Urgency is Medium, and not P1/P2 | C4: P3 - Normal | D4: Use the formula in the tracker.
A5: Priority | B5: Impact=Low AND Urgency=Low | C5: P4 - Low | D5: Normal queue, subject to business policy.
A6: SLA | B6: Open ticket reaches 80% of SLA target | C6: At Risk | D6: Notify assigned team/lead according to policy; this workbook flags status only.
A7: SLA | B7: Open ticket reaches or exceeds SLA target | C7: Breached | D7: Escalate and record recovery plan; workbook does not send notifications.
A8: Security | B8: Issue Type=Security | C8: Follow security incident process | D8: Preserve evidence, avoid suspicious links, and follow authorized procedures.
A9: Access | B9: Access request | C9: Verify approval and least privilege | D9: Never grant access based only on an informal request.
A10: Escalation | B10: Issue persists after approved basic checks or requires privileged access | C10: Escalate with reproduction steps and evidence | D10: Do not change production settings without authorization.

Sheet Test Cases
A1: Test ID | B1: Scenario | C1: Input | D1: Expected Result | E1: Observed Result | F1: Pass/Fail | G1: Notes
A2: TC-01 | B2: High impact + high urgency | C2: Impact=High; Urgency=High | D2: Priority formula returns P1 - Critical
A3: TC-02 | B3: High impact + medium urgency | C3: Impact=High; Urgency=Medium | D3: Priority formula returns P2 - High
A4: TC-03 | B4: Low impact + low urgency | C4: Impact=Low; Urgency=Low | D4: Priority formula returns P4 - Low
A5: TC-04 | B5: Open ticket at 85% SLA | C5: Hours Open = 0.85 × SLA Target | D5: SLA Status = At Risk
A6: TC-05 | B6: Open ticket at/over SLA | C6: Hours Open >= SLA Target | D6: SLA Status = Breached
A7: TC-06 | B7: Resolved ticket over SLA target | C7: Status=Resolved | D7: SLA Status = Resolved
A8: TC-07 | B8: Access request lacks approval | C8: Access request, approval not confirmed | D8: Do not grant access; verify approval
A9: TC-08 | B9: Security concern | C9: Issue Type=Security | D9: Follow security incident process; don't click suspicious links
A10: TC-09 | B10: Work order not visible to technician | C10: Manager can see; technician cannot | D10: Check assignment, role, filters; document and escalate if unresolved
